[
  {
    "id": "3184803604",
    "title": "Мясная бомба",
    "price": 689,
    "weight": 520,
    "calories": 430,
    "description": "Супер мясное наслаждение! Большая рубленая котлета из свежего говяжего мяса покорит вас своей сочностью, а хрустящие листья салата добавят свежести.",
    "ingredients": [
      "Пшеничная булочка",
      "Котлета из говядины",
      "Красный лук",
      "Листья салата",
      "Соус горчичный"
    ],
    "category": "burger",
    "image": "img/3184803604.jpg"
  },
  {
    "id": "4593457527",
    "title": "Супер сырный",
    "price": 550,
    "weight": 512,
    "calories": 590,
    "description": "Супер сырное наслаждение! Большая рубленая котлета из свежего мраморного говяжего мяса покорит вас своей сочностью, а сыра то сыра сколько: Пармезан, Гауда, Чеддер и Блю Чиз.",
    "ingredients": [
      "Пшеничная булочка",
      "Котлета из говядины",
      "Солёные огурчики",
      "Соус сырный",
      "Пармезан",
      "Гауда",
      "Чеддер",
      "Блю Чиз"
    ],
    "category": "burger",
    "image": "img/4593457527.jpg"
  },
  {
    "id": "8818264880",
    "title": "Сытный",
    "price": 639,
    "weight": 580,
    "calories": 740,
    "description": "Супер сытное наслаждение! Два огромных бифштекса приготовленых по-домашнему покорит вас своей сытностью.",
    "ingredients": [
      "Пшеничная булочка с кунжутом",
      "2 Котлеты из говядины с курочкой",
      "Хрустящий лук",
      "Солёные огурчики",
      "Соус горчичный",
      "Кетчуп",
      "Чеддер"
    ],
    "category": "burger",
    "image": "img/8818264880.jpg"
  },
  {
    "id": "4667225618",
    "title": "Тяжелый удар",
    "price": 480,
    "weight": 470,
    "calories": 810,
    "description": "Нужно быть в себе уверенным на 100%, чтобы его съесть! Две огромные свинные котлеты приготовленых на огне сведут тебя с ума сочностью и вкусом.",
    "ingredients": [
      "Пшеничная булочка",
      "2 Котлеты из свинины",
      "Сочный лук",
      "Свежий томат",
      "Хрустящий салат",
      "Солёные огурчики",
      "Соус мерри",
      "Кетчуп",
      "Чеддер"
    ],
    "category": "burger",
    "image": "img/4667225618.jpg"
  },
  {
    "id": "1223980593",
    "title": "Вечная классика",
    "price": 450,
    "weight": 450,
    "calories": 610,
    "description": "Вкуснейшая 100% классика",
    "ingredients": [
      "Пшеничная булочка с кунжутом",
      "Котлета из 100% говядины",
      "Лук репчтый",
      "Свежий томат",
      "Хрустящий салат Айсберг",
      "Солёные огурчики",
      "Майонез",
      "Кетчуп томатный"
    ],
    "category": "burger",
    "image": "img/1223980593.jpg"
  },
  {
    "id": "3355055171",
    "title": "Итальянский",
    "price": 560,
    "weight": 510,
    "calories": 535,
    "description": "Вкуснейшая 100% классика",
    "ingredients": [
      "Итальянская ржанная булочка",
      "Котлета из телятины",
      "Cыр моцарелла",
      "Свежий томат",
      "Бальзамический крем",
      "Микс салата",
      "Соус песто"
    ],
    "category": "burger",
    "image": "img/3355055171.jpg"
  },
  {
    "id": "7029852449",
    "title": "Начос",
    "price": 250,
    "weight": 220,
    "calories": 660,
    "description": "Хрустящие чипсы из кукурузной тортильи",
    "ingredients": ["Начос", "Соус на выбор"],
    "category": "snack",
    "image": "img/7029852449.jpg"
  },
  {
    "id": "7696061170",
    "title": "Картошка фри",
    "price": 245,
    "weight": 180,
    "calories": 560,
    "description": "У нас он именно такой, каким любят его во всем мире — мягкий, рассыпчатый внутри и аппетитно хрустящий снаружи. Картофель нарезается крупными ломтиками и обжаривается в свежем фритюре. Для приготовления используются лучшие сорта. Хрустящее и сочное блюдо с разными соусами ждет вас!",
    "ingredients": ["Картофель", "Соус на выбор"],
    "category": "snack",
    "image": "img/7696061170.jpg"
  },
  {
    "id": "3781849650",
    "title": "Луковые кольца",
    "price": 230,
    "weight": 160,
    "calories": 650,
    "description": "Кольца из рубленного лука в панировке",
    "ingredients": [
      "Репчатый лук",
      "Пшенично-кукурузный кляр",
      "Соус на выбор"
    ],
    "category": "snack",
    "image": "img/3781849650.jpg"
  },
  {
    "id": "0700847980",
    "title": "Домашний хот-дог",
    "price": 265,
    "weight": 210,
    "calories": 526,
    "description": "Вкусно, по-домашнему",
    "ingredients": [
      "Булочка",
      "Мясная сосиска",
      "Помидор",
      "Маринованный и свежий огурец",
      "Лист салата",
      "Соусы"
    ],
    "category": "hot-dog",
    "image": "img/0700847980.jpg"
  },
  {
    "id": "8818709061",
    "title": "Хот-дог Premium",
    "price": 385,
    "weight": 430,
    "calories": 516,
    "description": "Рубленый бифштекс из натуральной говядины и свинины, а вы уверены что это хот-дог?",
    "ingredients": [
      "Булочка",
      "Рубленый бифштекс из натуральной говядины и свинины",
      "Сыр Чеддер",
      "Сыр Моцарелла",
      "Ростбиф",
      "Помидор",
      "Маринованный огурец",
      "Красный лук",
      "Лист салата",
      "Картофель фри",
      "Соус"
    ],
    "category": "hot-dog",
    "image": "img/8818709061.jpg"
  },
  {
    "id": "4856056854",
    "title": "Double Chiken",
    "price": 315,
    "weight": 390,
    "calories": 890,
    "description": "Для любителей курочки",
    "ingredients": [
      "Булочка",
      "Копченая сосиска",
      "Курица горячего копчения",
      "Сыр Чеддер",
      "Луковые колечки",
      "Маринованный огурец",
      "Помидор",
      "Картофельные чипсы",
      "Соус"
    ],
    "category": "hot-dog",
    "image": "img/4856056854.jpg"
  },
  {
    "id": "7445538462",
    "title": "Классический хот-дог",
    "price": 160,
    "weight": 200,
    "calories": 390,
    "description": "Нестареющая классика",
    "ingredients": ["Булочка", "Сосиска", "Соусы"],
    "category": "hot-dog",
    "image": "img/7445538462.jpg"
  },
  {
    "id": "0245702138",
    "title": "Жгучий хот-дог",
    "price": 280,
    "weight": 250,
    "calories": 610,
    "description": "Для любителей остеренького",
    "ingredients": [
      "Булочка",
      "Говяжья сосиска",
      "Халапень",
      "Корейская морковь",
      "Острый соус"
    ],
    "category": "hot-dog",
    "image": "img/0245702138.jpg"
  },
  {
    "id": "6194519395",
    "title": "Шаурма деревенская",
    "price": 322,
    "weight": 310,
    "calories": 580,
    "description": "Лучшее с ограды и огорода. Если тебе знакомы эти слова, то тебе точно понравится",
    "ingredients": [
      "Тортилья",
      "Курочка гриль",
      "Маринованные огурчики",
      "Солёная капуста",
      "Опята",
      "Чесночный соус",
      "Обжаренный лук"
    ],
    "category": "shawarma",
    "image": "img/6194519395.jpg"
  },
  {
    "id": "2620495882",
    "title": "Шаурма молодежная",
    "price": 305,
    "weight": 320,
    "calories": 620,
    "description": "Вкусно, сытно, удобно!",
    "ingredients": [
      "Тортилья",
      "Мясо курицы",
      "Картофель фри",
      "Пекинская капуста",
      "Огурцы маринованные",
      "Помидоры свежие",
      "Соус"
    ],
    "category": "shawarma",
    "image": "img/2620495882.jpg"
  },
  {
    "id": "4941077801",
    "title": "Combo-wombo",
    "price": 990,
    "weight": 1200,
    "calories": 1500,
    "description": "2 любых бургера и картофель фри",
    "ingredients": [
      "Бургер",
      "Бургер",
      "Картофель фри",
      "Соус на выбор"
    ],
    "category": "combo",
    "image": "img/4941077801.jpg"
  },
  {
    "id": "1110641351",
    "title": "Фета",
    "price": 790,
    "weight": 470,
    "calories": 1605,
    "description": "Пицца с творожным сыром, красным соусом, рукколой",
    "ingredients": [
      "Тонкое тесто",
      "Красный соус",
      "Моцарелла",
      "Руккола",
      "Творожный сыр"
    ],
    "category": "pizza",
    "image": "img/1110641351.jpg"
  },
  {
    "id": "8671991648",
    "title": "Рио",
    "price": 850,
    "weight": 550,
    "calories": 1350,
    "description": "Пицца с ветчиной, курицей, сладким перцем, оливками",
    "ingredients": [
      "Тонкое тестое",
      "Томатный соус",
      "Ветчина",
      "Курица",
      "Шампиньоны",
      "Сладкий перец",
      "Помидоры черри",
      "Оливки"
    ],
    "category": "pizza",
    "image": "img/8671991648.jpg"
  },
  {
    "id": "8297617295",
    "title": "Оливия",
    "price": 750,
    "weight": 550,
    "calories": 1350,
    "description": "Пицца с вялеными томатами, оливками, сыром моцарелла",
    "ingredients": [
      "Пышное тесто",
      "Сметанный соус",
      "Глазунья",
      "Сыр моцарелла",
      "Вяленые томаты",
      "Оливки"
    ],
    "category": "pizza",
    "image": "img/8297617295.jpg"
  },
  {
    "id": "1908233603",
    "title": "Рустик",
    "price": 460,
    "weight": 600,
    "calories": 2028,
    "description": "Пироженное с открытыми коржами, творожным кремом, голубикой, грецким орехом",
    "ingredients": [
      "Бисквитные коржи",
      "Творожный крем",
      "Голубика",
      "Грецкий орех"
    ],
    "category": "dessert",
    "image": "img/1908233603.jpg"
  },
  {
    "id": "8136304087",
    "title": "Пончик",
    "price": 99,
    "weight": 70,
    "calories": 320,
    "description": "Классичесий пончик",
    "ingredients": [
      "Пончик",
      "Посыпка",
      "Глазурь",
      "Начинка на выбор"
    ],
    "category": "dessert",
    "image": "img/8136304087.jpg"
  },
  {
    "id": "7477216608",
    "title": "Чизкейк Нью-Йорк",
    "price": 235,
    "weight": 100,
    "calories": 350,
    "description": "Настоящая американская классика — нежный чизкейк из сливочно-творожной начинки с ванильной ноткой на тонкой песочно-миндальной подложке. Сверху десерт покрыт желе из абрикосового конфитюра, украшен свежей малиной и сахарной пудрой.",
    "ingredients": [
      "Печенье песочное",
      "Масло сливочное",
      "Сыр сливочный ",
      "Сахар",
      "Яйца",
      "Сливки"
    ],
    "category": "dessert",
    "image": "img/7477216608.jpg"
  },
  {
    "id": "1922643833",
    "title": "Ореховый",
    "price": 60,
    "weight": 40,
    "calories": 156,
    "description": "Соус Гамадари - ореховый соус на основе арахиса. Отлично подходит к овощам и холодным закускам",
    "ingredients": [
      "Арахис",
      "Кунжут",
      "Мирин",
      "Кунжутное масло"
    ],
    "category": "sauce",
    "image": "img/1922643833.jpg"
  },
  {
    "id": "5235966546",
    "title": "Сметанный соус",
    "price": 40,
    "weight": 40,
    "calories": 178,
    "description": "Сметанный острый соус - слегка острый, обладает приятным вкусом с нежной сливочной нотой.",
    "ingredients": [
      "Сметана",
      "Майонез",
      "Лайм",
      "Васаби"
    ],
    "category": "sauce",
    "image": "img/5235966546.jpg"
  },
  {
    "id": "8542732392",
    "title": "Соус Шрирача",
    "price": 40,
    "weight": 40,
    "calories": 112,
    "description": "Тайский соус на основе красного перца чили, для тех, кто любит поострее!",
    "ingredients": [
      "Перец чили",
      "Чеснок",
      "Коричневый сахар",
      "Соль",
      "Белый уксус"
    ],
    "category": "sauce",
    "image": "img/8542732392.jpg"
  }
]
